split,MAE,RMSE,R2
train,17.656897617342054,26.219256891060255,0.7502575344831041
validation,14.165538701028762,20.60676093551396,0.6698965633412577
test,15.604810444271363,21.033446495413536,0.5244792989161098
